avg_test_reward,MAE_speed,RMSE_speed,jerk_mean,jerk_var,in_range_pct,Training Time,Corr Coeff
-9.154022690205027,2.776997826149066,3.5591051858156675,-0.0033201058705647785,51.68449010719475,65.41666666666667,52.3,0.671881510603406
