avg_test_reward,MAE_speed,RMSE_speed,jerk_mean,jerk_var,in_range_pct,Training Time,Corr Coeff
-182.98631107463905,7.425454390870485,8.718202592242108,-0.0009407868608832359,0.0019683493584216403,5.083333333333333,105.59,-0.10747529763875588
