avg_test_reward,MAE_speed,RMSE_speed,jerk_mean,jerk_var,in_range_pct,Training Time,Corr Coeff
-6.143267993479187,2.5390283577144146,3.3304554704008926,-0.0016522069772084555,26.053620335725213,82.08333333333333,51.84,0.691071609293435
