avg_test_reward,MAE_speed,RMSE_speed,jerk_mean,jerk_var,in_range_pct,Training Time,Corr Coeff
-27.41365180340719,2.4684308477739494,3.265722834514421,-0.007808472712834676,239.43969834836102,89.16666666666667,51.5,0.7136458414187575
