avg_test_reward,MAE_speed,RMSE_speed,jerk_mean,jerk_var,in_range_pct,Training Time,Corr Coeff
-37.4374426942914,5.59834446840842,6.870997758110906,-0.0021315996845563253,0.022095651983215968,13.25,29.84,-0.32901242288380894
