avg_test_reward,MAE_speed,RMSE_speed,jerk_mean,jerk_var,in_range_pct,Training Time,Corr Coeff
-139.27309939137368,3.7661668926787875,4.801584809272385,0.00410655935605367,187.1566731950229,0.75,51.13,0.05821345451514435
