avg_test_reward,MAE_speed,RMSE_speed,jerk_mean,jerk_var,in_range_pct,Training Time,Corr Coeff
-11.188237368063612,2.705993001113335,3.4885553478596174,-0.005068536599477132,75.06056275903893,72.66666666666667,52.19,0.6566865309932204
