avg_test_reward,MAE_speed,RMSE_speed,jerk_mean,jerk_var,in_range_pct,Training Time,Corr Coeff
-7.609490464778746,2.5441613861421746,3.3133916700891364,0.002426844835281372,39.79587039112909,77.83333333333333,47.69,0.701753079805041
