avg_test_reward,MAE_speed,RMSE_speed,jerk_mean,jerk_var,in_range_pct,Training Time,Corr Coeff
-19.567272173211283,2.556663473894199,3.2824377275230026,-0.003662065664927165,146.40315660614047,57.25,51.52,0.6891626967121768
