avg_test_reward,MAE_speed,RMSE_speed,jerk_mean,jerk_var,in_range_pct,Training Time,Corr Coeff
-11.901127620197286,2.7183490258951983,3.4726859766454345,-0.0006985574960708618,72.72259877068282,61.33333333333333,52.51,0.6806956988542145
