avg_test_reward,MAE_speed,RMSE_speed,jerk_mean,jerk_var,in_range_pct,Training Time,Corr Coeff
-26.952479298625622,2.992052069058021,3.6728940294607137,-0.004708702365557353,101.10409908847757,21.916666666666668,48.02,0.5220238873311529
