avg_test_reward,MAE_speed,RMSE_speed,jerk_mean,jerk_var,in_range_pct,Training Time,Corr Coeff
-22.115824300693962,3.0224768984814485,3.763678452411229,-0.010681456327438355,166.15290759432284,46.916666666666664,52.16,0.6292561432303702
