avg_test_reward,MAE_speed,RMSE_speed,jerk_mean,jerk_var,in_range_pct,Training Time,Corr Coeff
-78.41054363945767,2.42584227686127,3.1822564115579395,-0.016665344436963398,748.2744889652807,88.25,48.94,0.7126186365392546
