avg_test_reward,MAE_speed,RMSE_speed,jerk_mean,jerk_var,in_range_pct,Training Time,Corr Coeff
-22.437682624363426,2.9142649174233277,3.6143624031506922,-0.0006246676047643025,88.93562642610406,31.333333333333336,51.53,0.5742122151657552
