avg_test_reward,MAE_speed,RMSE_speed,jerk_mean,jerk_var,in_range_pct,Training Time,Corr Coeff
-13.344312997816509,4.30882007929186,5.0746776117076235,-0.006410965820153555,8.2922282137862,24.416666666666668,104.06,0.4678740724315024
