avg_test_reward,MAE_speed,RMSE_speed,jerk_mean,jerk_var,in_range_pct,Training Time,Corr Coeff
-6.7165485990805385,2.7170784122248492,3.475259709767572,-0.0007965914905071258,28.48919206107815,71.66666666666667,132.77,0.6943465614605996
