avg_test_reward,MAE_speed,RMSE_speed,jerk_mean,jerk_var,in_range_pct,Training Time,Corr Coeff
-8.434588771293452,2.89895981118083,3.6291379227741363,-0.00043349961439768475,35.4008187057531,57.833333333333336,52.07,0.6181039860826413
