avg_test_reward,MAE_speed,RMSE_speed,jerk_mean,jerk_var,in_range_pct,Training Time,Corr Coeff
-9.055824676103981,2.737503716399272,3.506155422448298,-0.00025504032770792644,52.47946848570491,66.5,48.64,0.6743341283012766
