avg_test_reward,MAE_speed,RMSE_speed,jerk_mean,jerk_var,in_range_pct,Training Time,Corr Coeff
-6.229048576270002,2.7384195411701997,3.532509456602569,0.0002470019273459911,24.033516791574893,73.41666666666666,103.71,0.7048882550342398
