avg_test_reward,MAE_speed,RMSE_speed,jerk_mean,jerk_var,in_range_pct,Training Time,Corr Coeff
-222.3495026670814,4.7117652830854055,5.52265338793259,-0.014158288637797037,960.7805346781811,0.75,48.13,-0.3088650284017018
