avg_test_reward,MAE_speed,RMSE_speed,jerk_mean,jerk_var,in_range_pct,Training Time,Corr Coeff
-12.043441189608677,2.756727274705966,3.5615910943914844,0.006172442436218261,74.19720961735214,62.583333333333336,51.72,0.7171609724216356
