avg_test_reward,MAE_speed,RMSE_speed,jerk_mean,jerk_var,in_range_pct,Training Time,Corr Coeff
-17.29957152648418,2.6431639189024767,3.4041351468561847,-0.0034682214260101317,135.54017838555887,82.0,52.06,0.690549469258525
