avg_test_reward,MAE_speed,RMSE_speed,jerk_mean,jerk_var,in_range_pct,Training Time,Corr Coeff
-8.80719998629328,2.7541840943073232,3.6392365063639303,0.0016299347082773844,37.12590007305597,61.33333333333333,95.69,0.6976396254888
