avg_test_reward,MAE_speed,RMSE_speed,jerk_mean,jerk_var,in_range_pct,Training Time,Corr Coeff
-17.86145508471926,3.19566724345088,3.961323364262051,0.0033346215883890786,118.89606602217728,37.916666666666664,51.6,0.6320490557415411
