avg_test_reward,MAE_speed,RMSE_speed,jerk_mean,jerk_var,in_range_pct,Training Time,Corr Coeff
-6.252248800502679,2.7673082924385866,3.5584236056515923,-3.4617912024259565e-05,23.20795982671096,69.75,132.52,0.7031545363593671
