avg_test_reward,MAE_speed,RMSE_speed,jerk_mean,jerk_var,in_range_pct,Training Time,Corr Coeff
-11.91327421781959,2.752890291661024,3.4661862284704035,-0.00255946417649587,52.04076073689814,51.24999999999999,47.61,0.6542637300734592
