avg_test_reward,MAE_speed,RMSE_speed,jerk_mean,jerk_var,in_range_pct,Training Time,Corr Coeff
-24.2643797835284,2.7812199559311073,3.5341954464312053,0.0041583637396494545,197.50581593412193,66.08333333333334,51.69,0.707485488469431
