avg_test_reward,MAE_speed,RMSE_speed,jerk_mean,jerk_var,in_range_pct,Training Time,Corr Coeff
-11.436797816871856,2.6426330392062662,3.3470873609514453,-0.0019768794377644856,42.14226969806129,47.333333333333336,48.27,0.6637649068608209
