avg_test_reward,MAE_speed,RMSE_speed,jerk_mean,jerk_var,in_range_pct,Training Time,Corr Coeff
-9.365973342006752,2.6603256222109,3.4826195979017562,-0.0009265214204788208,52.548129946260175,66.5,52.29,0.7107327411841793
