avg_test_reward,MAE_speed,RMSE_speed,jerk_mean,jerk_var,in_range_pct,Training Time,Corr Coeff
-123.52465370960711,2.848357344617446,3.5305312781114657,-0.016642836729685466,882.977248709246,0.75,48.74,0.5457824383793384
