avg_test_reward,MAE_speed,RMSE_speed,jerk_mean,jerk_var,in_range_pct,Training Time,Corr Coeff
-20.847747882009976,2.6868515786031884,3.515765486202961,0.0003070056438446045,169.57924193725066,82.25,52.44,0.6626853850335284
