avg_test_reward,MAE_speed,RMSE_speed,jerk_mean,jerk_var,in_range_pct,Training Time,Corr Coeff
-8.288870240650349,2.706754743071894,3.517315953042925,-0.0017202595869700115,41.71529108363604,69.58333333333333,96.2,0.6826239481221884
