avg_test_reward,MAE_speed,RMSE_speed,jerk_mean,jerk_var,in_range_pct,Training Time,Corr Coeff
-13.367825444614201,2.5654443590343,3.3581517643575602,0.0035909215609232583,98.06443510198201,86.16666666666667,51.78,0.7044770027913407
