avg_test_reward,MAE_speed,RMSE_speed,jerk_mean,jerk_var,in_range_pct,Training Time,Corr Coeff
-19.703857259912684,2.422783300926288,3.1248103761692514,-0.0036728004614512127,123.61547843779229,43.5,51.29,0.6793748784667034
