avg_test_reward,MAE_speed,RMSE_speed,jerk_mean,jerk_var,in_range_pct,Training Time,Corr Coeff
-67.67573348286322,2.6900241097311177,3.3860738387252303,0.015366574128468832,561.8972432980748,32.0,47.54,0.6512542440545195
