avg_test_reward,MAE_speed,RMSE_speed,jerk_mean,jerk_var,in_range_pct,Training Time,Corr Coeff
-8.409906769345127,2.5965690990785757,3.364340352373665,-0.0014597833156585692,48.214257064778806,82.25,52.23,0.6888212380489848
