avg_test_reward,MAE_speed,RMSE_speed,jerk_mean,jerk_var,in_range_pct,Training Time,Corr Coeff
-24.034532308654835,2.523064099003871,3.2725973527911627,-0.00862428843975067,200.8373974239497,70.41666666666667,51.18,0.6938745968412616
