avg_test_reward,MAE_speed,RMSE_speed,jerk_mean,jerk_var,in_range_pct,Training Time,Corr Coeff
-62.18568969568628,2.341492802351713,3.0514189491639803,-0.016666204730669657,537.5353353032451,36.083333333333336,52.57,0.69241248250712
