avg_test_reward,MAE_speed,RMSE_speed,jerk_mean,jerk_var,in_range_pct,Training Time,Corr Coeff
-10.138544405933187,2.6687557004392146,3.4633095346936846,-0.0017101645469665527,59.97642624451609,64.16666666666667,48.02,0.6915020420688875
