avg_test_reward,MAE_speed,RMSE_speed,jerk_mean,jerk_var,in_range_pct,Training Time,Corr Coeff
-11.44907672164606,2.760282253473997,3.545598260816677,-0.00036330024401346844,75.16851001726258,69.0,52.5,0.6846305146105603
