avg_test_reward,MAE_speed,RMSE_speed,jerk_mean,jerk_var,in_range_pct,Training Time,Corr Coeff
-621.7316409853025,10.138796634487807,10.969282387694465,-0.016666666666666666,0.0008467905702452326,0.75,130.64,nan
