avg_test_reward,MAE_speed,RMSE_speed,jerk_mean,jerk_var,in_range_pct,Training Time,Corr Coeff
-11.666998274999996,2.7319768429299196,3.502079024352487,-0.004250115156173706,78.34829810464176,69.16666666666667,51.2,0.6702183454068901
