avg_test_reward,MAE_speed,RMSE_speed,jerk_mean,jerk_var,in_range_pct,Training Time,Corr Coeff
-9.310957286149545,2.492699919193983,3.2490252188081565,-0.001410852869351705,57.13230891209126,81.0,51.17,0.7030906881432925
