avg_test_reward,MAE_speed,RMSE_speed,jerk_mean,jerk_var,in_range_pct,Training Time,Corr Coeff
-7.778990954044772,2.6816159561648965,3.4581392024910214,-0.003483198086420695,40.0317142347873,74.16666666666667,480.33,0.6909136765117125
