avg_test_reward,MAE_speed,RMSE_speed,jerk_mean,jerk_var,in_range_pct,Training Time,Corr Coeff
-34.07735894589591,2.4396088918546837,3.2310707110725323,-0.009846651554107666,306.047166654016,89.0,47.41,0.7192889799641032
