avg_test_reward,MAE_speed,RMSE_speed,jerk_mean,jerk_var,in_range_pct,Training Time,Corr Coeff
-29.414102241116847,2.848636717796326,3.5254540742895726,-0.003600117564201355,60.28332921041769,0.75,52.65,0.5571017777130595
