avg_test_reward,MAE_speed,RMSE_speed,jerk_mean,jerk_var,in_range_pct,Training Time,Corr Coeff
-31.051951208565892,2.676758493234714,3.369299718691784,-0.0053239981333414715,108.63003952478493,0.75,51.05,0.6078326725042079
