avg_test_reward,MAE_speed,RMSE_speed,jerk_mean,jerk_var,in_range_pct,Training Time,Corr Coeff
-7.978543002716303,2.639329205242296,3.420797397341346,-0.0022161692380905152,41.81027036791814,71.16666666666667,478.38,0.6946558601313851
