avg_test_reward,MAE_speed,RMSE_speed,jerk_mean,jerk_var,in_range_pct,Training Time,Corr Coeff
-53.70903839075921,2.6637213805069524,3.367991871782963,-0.006855889161427816,155.40991271442655,0.75,47.95,0.5996528053599599
