avg_test_reward,MAE_speed,RMSE_speed,jerk_mean,jerk_var,in_range_pct,Training Time,Corr Coeff
-14.293687929672075,2.753736340055863,3.517606221256648,0.0018396476904551189,93.587555114301,62.0,52.57,0.6766945270505467
