avg_test_reward,MAE_speed,RMSE_speed,jerk_mean,jerk_var,in_range_pct,Training Time,Corr Coeff
-3692.9060172226655,100.72375737497583,120.59712478384576,0.016666666666666666,0.06609810437129258,1.9166666666666665,29.94,-0.11421151388418392
