avg_test_reward,MAE_speed,RMSE_speed,jerk_mean,jerk_var,in_range_pct,Training Time,Corr Coeff
-240.2790910004173,4.202781391354899,5.196695742071691,0.011993714173634847,582.1637106082234,0.75,52.61,-0.04589104557234001
