avg_test_reward,MAE_speed,RMSE_speed,jerk_mean,jerk_var,in_range_pct,Training Time,Corr Coeff
-9.37548944422089,2.7485277851919334,3.5164281185776214,-0.002103281021118164,51.86893836308402,68.0,51.31,0.6534293907366645
