avg_test_reward,MAE_speed,RMSE_speed,jerk_mean,jerk_var,in_range_pct,Training Time,Corr Coeff
-7.878486388621301,2.8520353551208975,3.653145119756793,0.0010924935340881348,36.5099327641076,68.5,465.02,0.695070724050731
