avg_test_reward,MAE_speed,RMSE_speed,jerk_mean,jerk_var,in_range_pct,Training Time,Corr Coeff
-285.33010510347776,5.227218910604716,6.094071875342181,0.01649209260940552,1027.4455896616253,0.75,51.98,-0.44832881636988103
