avg_test_reward,MAE_speed,RMSE_speed,jerk_mean,jerk_var,in_range_pct,Training Time,Corr Coeff
-11.983863771326451,2.628581335594257,3.424649737893821,-0.0008200754721959432,80.84337398751269,68.75,51.87,0.6827603367751197
