avg_test_reward,MAE_speed,RMSE_speed,jerk_mean,jerk_var,in_range_pct,Training Time,Corr Coeff
-13.003967699651447,2.581124102585018,3.3841012690840584,0.0012299080689748129,88.90324971672433,65.41666666666667,92.91,0.6913912737667551
