avg_test_reward,MAE_speed,RMSE_speed,jerk_mean,jerk_var,in_range_pct,Training Time,Corr Coeff
-6.250253897794134,2.756738391369581,3.521720509998115,-0.0014859278996785482,22.97807755642074,70.33333333333334,51.64,0.6532171292052702
