avg_test_reward,MAE_speed,RMSE_speed,jerk_mean,jerk_var,in_range_pct,Training Time,Corr Coeff
-39.69943121631367,2.328064850618442,3.0377387371802747,-0.004895104964574178,343.7130026369483,55.666666666666664,50.85,0.69910718431435
