avg_test_reward,MAE_speed,RMSE_speed,jerk_mean,jerk_var,in_range_pct,Training Time,Corr Coeff
-13.598742027475604,2.9066713864107925,3.6377022643299677,-0.002169288198153178,89.55336208471458,49.25,51.61,0.6663958689661554
