avg_test_reward,MAE_speed,RMSE_speed,jerk_mean,jerk_var,in_range_pct,Training Time,Corr Coeff
-33.28980610994699,2.777214012593031,3.5358940357808857,-0.0011129687229792277,286.5098639140277,64.5,52.72,0.69124341186696
