avg_test_reward,MAE_speed,RMSE_speed,jerk_mean,jerk_var,in_range_pct,Training Time,Corr Coeff
-20.932170429475423,2.5920329261322816,3.3456176528189023,-0.007146372397740682,171.5375615460645,80.41666666666667,52.81,0.689412207174489
