avg_test_reward,MAE_speed,RMSE_speed,jerk_mean,jerk_var,in_range_pct,Training Time,Corr Coeff
-27.19566922804666,2.57441715563337,3.284068325396126,-0.0023968736330668133,218.94134857787702,57.666666666666664,48.3,0.6931658724090551
