avg_test_reward,MAE_speed,RMSE_speed,jerk_mean,jerk_var,in_range_pct,Training Time,Corr Coeff
-25.47716809388005,2.6484204582870006,3.3365806326826295,-0.007058350245157877,73.69634036878433,3.4166666666666665,51.37,0.6139275228521047
