avg_test_reward,MAE_speed,RMSE_speed,jerk_mean,jerk_var,in_range_pct,Training Time,Corr Coeff
-169.47894376994498,5.862031154908861,7.067362016857543,-0.0013147033751010895,0.5961728985952263,5.5,31.2,-0.11922877694337017
