avg_test_reward,MAE_speed,RMSE_speed,jerk_mean,jerk_var,in_range_pct,Training Time,Corr Coeff
-7.112218582813662,2.8695017811159294,3.6480079927358937,-0.001970677574475606,27.961894229451477,51.5,52.33,0.645043802228305
