avg_test_reward,MAE_speed,RMSE_speed,jerk_mean,jerk_var,in_range_pct,Training Time,Corr Coeff
-7.471467501165889,2.813115312308073,3.6015566562260473,-0.0019564072291056315,33.74073314737455,56.833333333333336,51.78,0.6691401466008638
