avg_test_reward,MAE_speed,RMSE_speed,jerk_mean,jerk_var,in_range_pct,Training Time,Corr Coeff
-33.17589739362704,2.7515425481895606,3.484614021840079,-0.013281240065892538,276.51116055602006,55.333333333333336,51.35,0.6726802942935362
