avg_test_reward,MAE_speed,RMSE_speed,jerk_mean,jerk_var,in_range_pct,Training Time,Corr Coeff
-10.249698723707326,2.5371528828640777,3.3095830445258345,-0.002422441045443217,67.29776892262765,88.91666666666667,52.2,0.6902451785295557
