avg_test_reward,MAE_speed,RMSE_speed,jerk_mean,jerk_var,in_range_pct,Training Time,Corr Coeff
-11.001146882117908,2.5157508520781993,3.3432303291160856,-0.0005194018284479777,74.61922309814359,84.75,51.71,0.7141696976058206
