avg_test_reward,MAE_speed,RMSE_speed,jerk_mean,jerk_var,in_range_pct,Training Time,Corr Coeff
-164.10842822502843,6.292129580317996,7.704987485139161,-0.0014439497143030166,0.02153171019314437,2.25,23.56,-0.15099361393471603
