avg_test_reward,MAE_speed,RMSE_speed,jerk_mean,jerk_var,in_range_pct,Training Time,Corr Coeff
-13.438719554899116,2.6768287644411126,3.477336842478609,-0.004200679063796997,92.9711002602422,75.83333333333333,96.54,0.6883668026819842
