avg_test_reward,MAE_speed,RMSE_speed,jerk_mean,jerk_var,in_range_pct,Training Time,Corr Coeff
-10.91069589820377,2.4916819318632286,3.254239423444639,0.0018078744411468505,73.10364967023024,88.33333333333333,48.14,0.7111741204951183
