avg_test_reward,MAE_speed,RMSE_speed,jerk_mean,jerk_var,in_range_pct,Training Time,Corr Coeff
-22.407686124405743,2.583909794141849,3.286497432672657,-0.003073379397392273,140.45728379713248,42.16666666666667,48.69,0.6553731546850378
