avg_test_reward,MAE_speed,RMSE_speed,jerk_mean,jerk_var,in_range_pct,Training Time,Corr Coeff
-11.289773124648654,2.5187499837577345,3.243159383563182,-0.00021068950494130452,72.9891982280399,77.83333333333333,51.98,0.6754121853778181
