avg_test_reward,MAE_speed,RMSE_speed,jerk_mean,jerk_var,in_range_pct,Training Time,Corr Coeff
-84.53078115702827,2.6895587852100533,3.423472671822837,0.016666658719380698,781.6439614512741,51.0,47.5,0.6880934454579436
