avg_test_reward,MAE_speed,RMSE_speed,jerk_mean,jerk_var,in_range_pct,Training Time,Corr Coeff
-7.75982983538917,2.749691208389898,3.510225871826978,0.0007346769173940023,35.932291659292304,66.41666666666667,475.94,0.6800133330520478
