avg_test_reward,MAE_speed,RMSE_speed,jerk_mean,jerk_var,in_range_pct,Training Time,Corr Coeff
-6.1549648788415245,2.7375095781187215,3.530644753590455,0.00019664995682736237,24.047292780149117,74.25,104.39,0.7059016802561927
