avg_test_reward,MAE_speed,RMSE_speed,jerk_mean,jerk_var,in_range_pct,Training Time,Corr Coeff
-10.22409936387371,2.7780082534253596,3.5280263328938717,0.003464372952779134,54.510232047988275,62.5,52.4,0.6849813521575607
