avg_test_reward,MAE_speed,RMSE_speed,jerk_mean,jerk_var,in_range_pct,Training Time,Corr Coeff
-9.027125648729253,2.608508502691984,3.384357610264863,-0.0025676588217417398,54.338119585216255,85.58333333333333,52.38,0.6957370627365883
