avg_test_reward,MAE_speed,RMSE_speed,jerk_mean,jerk_var,in_range_pct,Training Time,Corr Coeff
-7.919034892125234,2.7481147405008475,3.514002778040512,-0.001780665914217631,39.8255050381174,69.66666666666667,52.19,0.6669843765527996
