avg_test_reward,MAE_speed,RMSE_speed,jerk_mean,jerk_var,in_range_pct,Training Time,Corr Coeff
-18.64734229618901,3.020910863926013,3.8470854828989847,-0.005123241742451986,136.94720408191557,51.0,51.99,0.6646090896292652
