avg_test_reward,MAE_speed,RMSE_speed,jerk_mean,jerk_var,in_range_pct,Training Time,Corr Coeff
-10.931569652599382,2.630928549220165,3.4481857996538468,-0.0022010038296381633,68.27873007772442,65.66666666666666,52.21,0.6879436963227366
