avg_test_reward,MAE_speed,RMSE_speed,jerk_mean,jerk_var,in_range_pct,Training Time,Corr Coeff
-10.42310321544668,2.8963087316975,3.685363318027892,-0.011984045306841532,61.308076333577944,67.33333333333333,482.25,0.702824486838708
