avg_test_reward,MAE_speed,RMSE_speed,jerk_mean,jerk_var,in_range_pct,Training Time,Corr Coeff
-6.856811985036902,2.8560440711677075,3.6191521734313,5.116093282898267e-05,25.743233162082866,55.833333333333336,131.88,0.6920877400465084
