avg_test_reward,MAE_speed,RMSE_speed,jerk_mean,jerk_var,in_range_pct,Training Time,Corr Coeff
-40.524736779764254,2.369519459058841,3.0821237239638823,-0.011853953202565512,321.98124043669566,38.5,51.75,0.6837903651492333
