avg_test_reward,MAE_speed,RMSE_speed,jerk_mean,jerk_var,in_range_pct,Training Time,Corr Coeff
-8.59507046258726,2.8548924526075523,3.62136271202817,-0.00019567509492238362,43.19464058385006,52.75,51.59,0.641994432378482
