avg_test_reward,MAE_speed,RMSE_speed,jerk_mean,jerk_var,in_range_pct,Training Time,Corr Coeff
-151.32910379663483,4.086451871196429,4.855431417165212,-0.016196422775586448,163.67611521455927,0.75,52.02,0.10415429251623957
