avg_test_reward,MAE_speed,RMSE_speed,jerk_mean,jerk_var,in_range_pct,Training Time,Corr Coeff
-11.031076287524183,2.6510154502093792,3.471671005317919,-0.0013838857412338257,70.39348032552078,68.25,51.5,0.6935307336414688
