avg_test_reward,MAE_speed,RMSE_speed,jerk_mean,jerk_var,in_range_pct,Training Time,Corr Coeff
-6.482437695468461,2.664580215662718,3.4407491133522186,-0.0019675989945729575,26.981809574273033,75.5,48.91,0.6689084606493098
