avg_test_reward,MAE_speed,RMSE_speed,jerk_mean,jerk_var,in_range_pct,Training Time,Corr Coeff
-7.8178124880171485,2.5595666655525564,3.3739705191917535,0.002448745568593343,37.09638227194455,65.5,93.22,0.7209817115632144
