avg_test_reward,MAE_speed,RMSE_speed,jerk_mean,jerk_var,in_range_pct,Training Time,Corr Coeff
-53.00247289330208,2.898265691250563,3.6012660791164457,0.004975247383117676,367.61082583366925,22.916666666666664,48.19,0.5875341596899051
