avg_test_reward,MAE_speed,RMSE_speed,jerk_mean,jerk_var,in_range_pct,Training Time,Corr Coeff
-9.685610077218719,2.7570844495793185,3.5162103345324374,-0.00036860803763071693,57.85687943859164,63.0,51.66,0.6482360656204907
