avg_test_reward,MAE_speed,RMSE_speed,jerk_mean,jerk_var,in_range_pct,Training Time,Corr Coeff
-25.193346233680494,2.7681027349332967,3.458502587598944,-0.0039011597633361816,80.10923219951006,12.583333333333332,48.1,0.5865114312168662
