avg_test_reward,MAE_speed,RMSE_speed,jerk_mean,jerk_var,in_range_pct,Training Time,Corr Coeff
-8.631188789119605,2.6358807311952113,3.421368086343487,-0.003093271454175313,46.434542650444115,69.08333333333333,48.31,0.6773901684205687
