avg_test_reward,MAE_speed,RMSE_speed,jerk_mean,jerk_var,in_range_pct,Training Time,Corr Coeff
-9.725111180296135,2.6243092674513657,3.4136416248048724,0.0020134508609771728,58.70164491379255,76.0,53.0,0.7223943920875492
