avg_test_reward,MAE_speed,RMSE_speed,jerk_mean,jerk_var,in_range_pct,Training Time,Corr Coeff
-14.264660036389056,2.528322549710671,3.276744555976104,-0.003197436531384786,106.70133538448728,87.16666666666667,51.89,0.69207058804358
