avg_test_reward,MAE_speed,RMSE_speed,jerk_mean,jerk_var,in_range_pct,Training Time,Corr Coeff
-6.17580448773675,2.702637856453657,3.500518810031,-0.0001352259268363317,24.852369449356424,80.25,136.69,0.7074929444382919
