avg_test_reward,MAE_speed,RMSE_speed,jerk_mean,jerk_var,in_range_pct,Training Time,Corr Coeff
-7.218755586955894,3.067028859506051,3.8245536022344884,-0.0012285884469747544,18.04722672160322,43.583333333333336,131.35,0.6667382045093146
