avg_test_reward,MAE_speed,RMSE_speed,jerk_mean,jerk_var,in_range_pct,Training Time,Corr Coeff
-1.2135023612487248,1.9270988204951087,2.395815559561717,-0.00034761289755503335,1.141590347387828,94.33333333333334,100.31,0.8270638689099884
