avg_test_reward,MAE_speed,RMSE_speed,jerk_mean,jerk_var,in_range_pct,Training Time,Corr Coeff
-8.493446691706152,2.785639860679706,3.555263063619006,-0.005553150177001953,42.39524532073164,67.25,48.34,0.6580845422821443
