avg_test_reward,MAE_speed,RMSE_speed,jerk_mean,jerk_var,in_range_pct,Training Time,Corr Coeff
-10.530246624411383,2.5295654203991096,3.231744058556493,0.0008050978183746337,59.58451218576343,67.91666666666667,52.55,0.7109416472468383
