avg_test_reward,MAE_speed,RMSE_speed,jerk_mean,jerk_var,in_range_pct,Training Time,Corr Coeff
-39.76737428565804,2.457283615718285,3.1681082525757343,-0.015957807501157124,341.99341010797565,52.916666666666664,51.2,0.6873871057835779
