avg_test_reward,MAE_speed,RMSE_speed,jerk_mean,jerk_var,in_range_pct,Training Time,Corr Coeff
-18.179695003676844,2.681465090053777,3.440758959589771,-0.008369114001592,143.95298622243033,75.91666666666667,93.74,0.6529727343263365
