avg_test_reward,MAE_speed,RMSE_speed,jerk_mean,jerk_var,in_range_pct,Training Time,Corr Coeff
-11.555220990848092,2.577631638497114,3.3207180661268985,-0.001653255025545756,77.40824791193747,79.5,47.38,0.6816523427837888
