avg_test_reward,MAE_speed,RMSE_speed,jerk_mean,jerk_var,in_range_pct,Training Time,Corr Coeff
-23.88827648577797,2.5432392816245555,3.2704290088279944,0.002289891242980957,198.55470805628914,85.33333333333334,51.56,0.6849656001901046
