avg_test_reward,MAE_speed,RMSE_speed,jerk_mean,jerk_var,in_range_pct,Training Time,Corr Coeff
-19.13058601873634,2.4015724297861256,3.14281387273736,-0.0041860441366831464,155.43571863864534,87.91666666666667,52.56,0.7020726331922839
