avg_test_reward,MAE_speed,RMSE_speed,jerk_mean,jerk_var,in_range_pct,Training Time,Corr Coeff
-10.092174502045788,2.807712843865156,3.633834110227266,-0.009213938315709432,59.98339192888048,69.91666666666667,52.14,0.6680184734841119
