avg_test_reward,MAE_speed,RMSE_speed,jerk_mean,jerk_var,in_range_pct,Training Time,Corr Coeff
-11.448098355310243,3.19339007490625,4.01476294115791,-0.003199559450149536,52.87783369193454,48.583333333333336,465.98,0.6287832967455027
