avg_test_reward,MAE_speed,RMSE_speed,jerk_mean,jerk_var,in_range_pct,Training Time,Corr Coeff
-13.96504806100734,2.939350180675586,3.6751961405651503,0.009916067123413086,91.59326266302453,53.666666666666664,51.59,0.6649697999747868
