avg_test_reward,MAE_speed,RMSE_speed,jerk_mean,jerk_var,in_range_pct,Training Time,Corr Coeff
-11.023613264144892,2.5523625477651755,3.2841215680633984,0.0012257079283396403,54.69782383311068,56.25,51.03,0.6832544938912041
