avg_test_reward,MAE_speed,RMSE_speed,jerk_mean,jerk_var,in_range_pct,Training Time,Corr Coeff
-32.30955252560526,2.5557302157580852,3.301977830425076,0.002333410580952962,275.5930108500199,60.66666666666667,51.49,0.6946325589234019
