avg_test_reward,MAE_speed,RMSE_speed,jerk_mean,jerk_var,in_range_pct,Training Time,Corr Coeff
-101.8250906901485,3.3918146049479643,4.0687068319140245,-0.016586267948150636,671.6034958253624,0.75,48.2,0.3604893613009544
