avg_test_reward,MAE_speed,RMSE_speed,jerk_mean,jerk_var,in_range_pct,Training Time,Corr Coeff
-7.4163662543872,2.7765801108380157,3.5702406429016147,-0.0016285826762517293,34.783560508522676,66.16666666666666,52.06,0.6704279271794655
