avg_test_reward,MAE_speed,RMSE_speed,jerk_mean,jerk_var,in_range_pct,Training Time,Corr Coeff
-25.527669123514553,2.6702181872228783,3.4437221909940803,-0.0031631579001744586,218.11498211748875,76.16666666666667,51.56,0.6818054898895006
