avg_test_reward,MAE_speed,RMSE_speed,jerk_mean,jerk_var,in_range_pct,Training Time,Corr Coeff
-36.91422634584287,2.522555695027113,3.2968473926286155,-0.0019818643728892007,333.9532407142937,88.91666666666667,52.72,0.7107543650803114
