avg_test_reward,MAE_speed,RMSE_speed,jerk_mean,jerk_var,in_range_pct,Training Time,Corr Coeff
-5.997373541543137,2.716977727462848,3.4947164042364176,-0.0004695678129792213,22.874877598280545,74.66666666666667,104.01,0.6952348111571668
