avg_test_reward,MAE_speed,RMSE_speed,jerk_mean,jerk_var,in_range_pct,Training Time,Corr Coeff
-1044.2138110939313,40.613620737937744,55.17252043954703,0.016666666666666666,0.00406386976067374,2.25,23.53,-0.12171385747277011
