avg_test_reward,MAE_speed,RMSE_speed,jerk_mean,jerk_var,in_range_pct,Training Time,Corr Coeff
-164.42318764734054,3.37091772073647,4.232224503577518,-0.015594694018363952,835.0821654988001,0.75,51.39,0.258206755735502
