avg_test_reward,MAE_speed,RMSE_speed,jerk_mean,jerk_var,in_range_pct,Training Time,Corr Coeff
-21.528410204137764,2.603072213381529,3.350597933776296,-0.0014843463897705079,177.20642269380988,82.16666666666667,51.66,0.6892623106315152
