avg_test_reward,MAE_speed,RMSE_speed,jerk_mean,jerk_var,in_range_pct,Training Time,Corr Coeff
-20.906220989738248,2.4826218088964622,3.2486265641307366,-0.004063961903254191,173.2622453723664,88.5,50.93,0.7081395152288411
