avg_test_reward,MAE_speed,RMSE_speed,jerk_mean,jerk_var,in_range_pct,Training Time,Corr Coeff
-17.400269667211468,2.495234423925479,3.2388565746722793,-0.0036974946657816568,129.46961895225792,71.41666666666666,51.01,0.6723512751448788
