avg_test_reward,MAE_speed,RMSE_speed,jerk_mean,jerk_var,in_range_pct,Training Time,Corr Coeff
-78.35839866760658,2.7431043170392515,3.4740063983380205,-0.006304207444190979,185.2111763255966,0.75,51.42,0.5742941376259753
