avg_test_reward,MAE_speed,RMSE_speed,jerk_mean,jerk_var,in_range_pct,Training Time,Corr Coeff
-42.21874079168865,2.904359611570835,3.5952434616269837,-0.006437536080678304,95.73426594040774,0.75,51.3,0.5241470736216878
