avg_test_reward,MAE_speed,RMSE_speed,jerk_mean,jerk_var,in_range_pct,Training Time,Corr Coeff
-5.977989386144218,2.690635027537743,3.476431482929213,-3.053446610768636e-05,22.605959572912983,75.0,52.19,0.6814881327689875
