avg_test_reward,MAE_speed,RMSE_speed,jerk_mean,jerk_var,in_range_pct,Training Time,Corr Coeff
-987.1733612205542,42.96776310720636,60.68799133541217,0.016666666666666666,0.007465077579373117,2.166666666666667,23.88,-0.09204325786865492
