avg_test_reward,MAE_speed,RMSE_speed,jerk_mean,jerk_var,in_range_pct,Training Time,Corr Coeff
-8.336356976511384,2.8933868484199046,3.633791879331486,-0.002178738514582316,36.775965979273494,50.74999999999999,48.15,0.6277711746930178
