avg_test_reward,MAE_speed,RMSE_speed,jerk_mean,jerk_var,in_range_pct,Training Time,Corr Coeff
-10.602875004555,2.6923892255251607,3.485684310953409,0.0010381639003753662,66.76580715221598,71.0,467.29,0.6835728025482698
