avg_test_reward,MAE_speed,RMSE_speed,jerk_mean,jerk_var,in_range_pct,Training Time,Corr Coeff
-5.4555093253287055,2.592340162247419,3.3862341863952055,0.0006093144416809082,19.186153700490497,86.58333333333333,52.01,0.7067372401026972
