avg_test_reward,MAE_speed,RMSE_speed,jerk_mean,jerk_var,in_range_pct,Training Time,Corr Coeff
-88.09157953569314,2.3718096077938875,3.0713939137363884,-0.016658987601598105,691.3273238200618,0.75,47.19,0.6811726188191669
