avg_test_reward,MAE_speed,RMSE_speed,jerk_mean,jerk_var,in_range_pct,Training Time,Corr Coeff
-9.943103189028022,2.507242331157128,3.3014044130364204,0.001543736457824707,62.09296767438112,81.08333333333333,51.35,0.724297721667886
