avg_test_reward,MAE_speed,RMSE_speed,jerk_mean,jerk_var,in_range_pct,Training Time,Corr Coeff
-6.477014656449739,2.9492567581435045,3.709389646328593,-0.0007096745073795318,17.375572764190746,48.833333333333336,131.4,0.6797625035438528
