avg_test_reward,MAE_speed,RMSE_speed,jerk_mean,jerk_var,in_range_pct,Training Time,Corr Coeff
-33.697310945678,2.4525530795753,3.1567722947814714,-0.007686265309651693,272.85291390078817,49.416666666666664,51.22,0.6752294583520879
