avg_test_reward,MAE_speed,RMSE_speed,jerk_mean,jerk_var,in_range_pct,Training Time,Corr Coeff
-1822.450090021905,61.60572123502847,79.95795834920374,0.016666666666666666,0.008069801247911344,2.0,131.25,-0.11311586345012672
