avg_test_reward,MAE_speed,RMSE_speed,jerk_mean,jerk_var,in_range_pct,Training Time,Corr Coeff
-20.066259277796146,2.7648186624546844,3.453932294661991,6.97930653889974e-05,87.82945297618055,35.25,48.5,0.620663690892744
