avg_test_reward,MAE_speed,RMSE_speed,jerk_mean,jerk_var,in_range_pct,Training Time,Corr Coeff
-6.628890470613802,2.6106568476061027,3.399027216693723,-0.0014550993839899699,26.923622604267955,68.08333333333333,52.08,0.6961155219131143
