avg_test_reward,MAE_speed,RMSE_speed,jerk_mean,jerk_var,in_range_pct,Training Time,Corr Coeff
-5.868730409767259,2.7292140126725037,3.5204399058921285,-1.620405043164889e-05,21.097164833876608,75.0,103.64,0.7047018247933038
