avg_test_reward,MAE_speed,RMSE_speed,jerk_mean,jerk_var,in_range_pct,Training Time,Corr Coeff
-7.857612699522474,2.81290219510595,3.562460639246826,0.0005747099717458089,36.016660053980765,59.25,51.88,0.6632447051104886
