avg_test_reward,MAE_speed,RMSE_speed,jerk_mean,jerk_var,in_range_pct,Training Time,Corr Coeff
-527.9501721641576,7.6145146697634,8.84777589346991,0.0007341691603263219,0.0007970944560000192,0.75,29.73,-0.10882927946066748
