avg_test_reward,MAE_speed,RMSE_speed,jerk_mean,jerk_var,in_range_pct,Training Time,Corr Coeff
-9.523382331167314,2.5331235039730866,3.2862400342960476,-0.004631830255190531,58.46729052513514,88.0,51.53,0.6925322276508599
