avg_test_reward,MAE_speed,RMSE_speed,jerk_mean,jerk_var,in_range_pct,Training Time,Corr Coeff
-9.581646338779873,2.8319988428552945,3.569151385986586,-0.005878946185112,49.992183115177106,57.91666666666667,95.49,0.6301937262623722
