avg_test_reward,MAE_speed,RMSE_speed,jerk_mean,jerk_var,in_range_pct,Training Time,Corr Coeff
-7.716259112733499,2.679712392327686,3.4423034365480962,-0.0017585357030232747,38.653835623097635,73.33333333333333,482.31,0.6785092766338747
