avg_test_reward,MAE_speed,RMSE_speed,jerk_mean,jerk_var,in_range_pct,Training Time,Corr Coeff
-4232.910516314051,110.69137327159444,130.31083160984466,0.016666666666666666,0.3330555555555557,2.166666666666667,47.89,-0.12321545072906324
