avg_test_reward,MAE_speed,RMSE_speed,jerk_mean,jerk_var,in_range_pct,Training Time,Corr Coeff
-38.036722954397995,5.704263198650442,6.943749784763836,-0.002436467260122299,0.08327314863442205,13.916666666666666,23.53,-0.3096428068675857
