avg_test_reward,MAE_speed,RMSE_speed,jerk_mean,jerk_var,in_range_pct,Training Time,Corr Coeff
-122.42632039455295,2.599528059978038,3.507362637229394,-0.016666415333747863,516.157767078616,0.75,47.64,0.5772368839650046
