avg_test_reward,MAE_speed,RMSE_speed,jerk_mean,jerk_var,in_range_pct,Training Time,Corr Coeff
-427.87120945205857,6.460423231509146,7.815167560540469,0.0012071407089630762,0.00015051830206815552,0.75,132.53,-0.1070765127366401
