avg_test_reward,MAE_speed,RMSE_speed,jerk_mean,jerk_var,in_range_pct,Training Time,Corr Coeff
-6.356614085549042,2.739914726068576,3.51264763008765,-0.00028251977637410163,25.75108889105318,69.83333333333334,132.0,0.6978660009588353
