avg_test_reward,MAE_speed,RMSE_speed,jerk_mean,jerk_var,in_range_pct,Training Time,Corr Coeff
-48.06288405629833,2.365572853932778,3.1455356127638434,-0.012084922194480896,409.1161159787196,17.25,52.04,0.7343702612581596
