avg_test_reward,MAE_speed,RMSE_speed,jerk_mean,jerk_var,in_range_pct,Training Time,Corr Coeff
-10.2616322129367,2.6656627885997297,3.5269978261241905,0.004007055362065633,53.372540980002604,60.0,51.69,0.7159546971568466
