avg_test_reward,MAE_speed,RMSE_speed,jerk_mean,jerk_var,in_range_pct,Training Time,Corr Coeff
-41.057926248345424,2.684969402005275,3.4676957161122557,-0.016636725266774496,373.62556615001347,76.58333333333334,51.3,0.714351292092837
