avg_test_reward,MAE_speed,RMSE_speed,jerk_mean,jerk_var,in_range_pct,Training Time,Corr Coeff
-12.008995527926082,2.640528328468402,3.3816395874497167,-0.004706128438313802,71.51883044103718,60.75000000000001,53.04,0.6792445363216364
