avg_test_reward,MAE_speed,RMSE_speed,jerk_mean,jerk_var,in_range_pct,Training Time,Corr Coeff
-7.680281211246832,2.6691644601523876,3.4535926300935826,-0.001650962233543396,40.5368841171065,79.33333333333333,49.39,0.6913532048102852
