avg_test_reward,MAE_speed,RMSE_speed,jerk_mean,jerk_var,in_range_pct,Training Time,Corr Coeff
-20.21193636785663,2.491146096040805,3.2406181167313743,-0.004491837819417318,160.32766053520564,65.25,47.71,0.6966779771952585
