avg_test_reward,MAE_speed,RMSE_speed,jerk_mean,jerk_var,in_range_pct,Training Time,Corr Coeff
-10.599835196652576,2.7639531100293,3.5297934100701385,-0.002106157938639323,66.65219249777182,62.916666666666664,51.44,0.6420400951567704
