avg_test_reward,MAE_speed,RMSE_speed,jerk_mean,jerk_var,in_range_pct,Training Time,Corr Coeff
-12.590459763108623,2.7622036795318126,3.5225034352102194,-0.0020460933446884155,85.21987421193386,64.83333333333333,51.05,0.6590826543959667
