avg_test_reward,MAE_speed,RMSE_speed,jerk_mean,jerk_var,in_range_pct,Training Time,Corr Coeff
-12.211867774873694,2.6717117343842984,3.42444318098667,-0.003832417726516724,77.77503210755926,60.75000000000001,51.35,0.6894878740808517
