avg_test_reward,MAE_speed,RMSE_speed,jerk_mean,jerk_var,in_range_pct,Training Time,Corr Coeff
-8.635813104813497,2.5035824505984783,3.258084694706534,0.0014416476090749104,49.61772156813635,86.83333333333333,47.93,0.7056499889483048
