avg_test_reward,MAE_speed,RMSE_speed,jerk_mean,jerk_var,in_range_pct,Training Time,Corr Coeff
-614.0792857179601,10.06987764886658,10.884365924825005,-0.01344511608282725,0.14383725922077087,0.75,31.06,0.3144712303340548
