avg_test_reward,MAE_speed,RMSE_speed,jerk_mean,jerk_var,in_range_pct,Training Time,Corr Coeff
-70.52329306915927,7.404654859599832,8.986561947827871,-0.004661331574122111,0.007394704746631006,11.25,23.55,-0.1881257939190825
