avg_test_reward,MAE_speed,RMSE_speed,jerk_mean,jerk_var,in_range_pct,Training Time,Corr Coeff
-6.649970682975602,2.8318484133978683,3.5852526834104985,-0.0008212533469001452,22.7213119080445,59.916666666666664,133.66,0.6776012098502358
