avg_test_reward,MAE_speed,RMSE_speed,jerk_mean,jerk_var,in_range_pct,Training Time,Corr Coeff
-8.641855919918786,2.9554270103697977,3.729125590849868,-0.0072339971860249834,39.709701289786835,56.99999999999999,491.79,0.6895843453600032
