avg_test_reward,MAE_speed,RMSE_speed,jerk_mean,jerk_var,in_range_pct,Training Time,Corr Coeff
-6.394099218977993,2.839231828103463,3.6185341817643013,0.0003848026196161906,23.028622473812145,59.5,103.39,0.7076027229022643
