avg_test_reward,MAE_speed,RMSE_speed,jerk_mean,jerk_var,in_range_pct,Training Time,Corr Coeff
-21.109677048472864,2.8165513591468336,3.5537549314358876,0.004642629623413086,165.04473900709934,56.41666666666667,52.49,0.6503405273350878
