avg_test_reward,MAE_speed,RMSE_speed,jerk_mean,jerk_var,in_range_pct,Training Time,Corr Coeff
-11.879744142038254,2.5394538871943952,3.3209270663611448,-0.004945694406827291,83.88197621419398,89.08333333333334,51.73,0.6945331940067134
