avg_test_reward,MAE_speed,RMSE_speed,jerk_mean,jerk_var,in_range_pct,Training Time,Corr Coeff
-7.916106451114019,2.683499142775933,3.4925262090206224,0.002227497100830078,38.40877762895109,69.58333333333333,48.22,0.7055668726413271
