avg_test_reward,MAE_speed,RMSE_speed,jerk_mean,jerk_var,in_range_pct,Training Time,Corr Coeff
-13.604370897489604,2.585610401717325,3.3471398854850305,-0.004034091035525004,97.79462171810911,85.5,95.79,0.6702315327752548
