avg_test_reward,MAE_speed,RMSE_speed,jerk_mean,jerk_var,in_range_pct,Training Time,Corr Coeff
-8.453301739839157,2.735505538955331,3.526914042266874,-0.005484968423843384,44.72425151270764,75.25,475.1,0.6948023349103265
