avg_test_reward,MAE_speed,RMSE_speed,jerk_mean,jerk_var,in_range_pct,Training Time,Corr Coeff
-2881.259325282997,85.5142370026124,105.55998845458414,0.016666666666666666,0.018979513391627185,1.7500000000000002,23.41,-0.11399312126643896
