avg_test_reward,MAE_speed,RMSE_speed,jerk_mean,jerk_var,in_range_pct,Training Time,Corr Coeff
-8.32655938650801,2.8713151048123837,3.67453315166049,-0.001791226863861084,35.29543041021515,62.33333333333333,52.06,0.6606072858391989
