avg_test_reward,MAE_speed,RMSE_speed,jerk_mean,jerk_var,in_range_pct,Training Time,Corr Coeff
-11.039560567133515,2.7790854720771314,3.522266449533959,-0.0007022678852081299,66.36347983819248,67.41666666666667,52.13,0.6514368015722871
