avg_test_reward,MAE_speed,RMSE_speed,jerk_mean,jerk_var,in_range_pct,Training Time,Corr Coeff
-8.755664854339361,3.4111613509058953,4.164634895330773,-0.0027979088326295217,13.967787062901328,34.5,104.47,0.6280116059853628
