avg_test_reward,MAE_speed,RMSE_speed,jerk_mean,jerk_var,in_range_pct,Training Time,Corr Coeff
-9.301476435201263,2.7703833617518345,3.4981819539222836,-0.0024644831816355386,49.338358376305194,63.5,478.63,0.6550390990113969
