avg_test_reward,MAE_speed,RMSE_speed,jerk_mean,jerk_var,in_range_pct,Training Time,Corr Coeff
-6.144072565390954,2.809732463409503,3.5878735841964087,9.369291365146637e-05,21.237833077418333,62.0,133.27,0.6985424762509813
