avg_test_reward,MAE_speed,RMSE_speed,jerk_mean,jerk_var,in_range_pct,Training Time,Corr Coeff
-367.1374700875812,15.825037557681402,20.48783980772593,0.015168706576029459,0.17763145218894102,2.75,23.8,-0.15633513416898767
