avg_test_reward,MAE_speed,RMSE_speed,jerk_mean,jerk_var,in_range_pct,Training Time,Corr Coeff
-9.845031410123848,2.603624924470981,3.4096466351328907,-0.003012011448542277,63.15703645717479,84.16666666666667,48.85,0.6882438016507534
