avg_test_reward,MAE_speed,RMSE_speed,jerk_mean,jerk_var,in_range_pct,Training Time,Corr Coeff
-239.6862224884713,4.451759443382422,5.267490459498733,-0.016597216327985127,855.7861184112834,0.75,48.11,-0.19888414285664385
