avg_test_reward,MAE_speed,RMSE_speed,jerk_mean,jerk_var,in_range_pct,Training Time,Corr Coeff
-226.47422773764126,10.65294147405463,12.800111338238327,0.006283319493134817,0.0007335741458108214,2.75,23.47,-0.15838699475027246
