avg_test_reward,MAE_speed,RMSE_speed,jerk_mean,jerk_var,in_range_pct,Training Time,Corr Coeff
-7.882631810667158,2.8070954433704416,3.5966278118407384,0.00048255721728006996,38.36211709487476,65.5,514.13,0.6746685860095777
