avg_test_reward,MAE_speed,RMSE_speed,jerk_mean,jerk_var,in_range_pct,Training Time,Corr Coeff
-57.81589122626621,2.4813286722203096,3.202420471896441,-0.016474985082944236,534.2513270184128,65.41666666666667,47.79,0.678145841561984
