avg_test_reward,MAE_speed,RMSE_speed,jerk_mean,jerk_var,in_range_pct,Training Time,Corr Coeff
-10.161723603050387,2.620059976230065,3.406960379634091,-0.004240749279657999,66.13928849802708,89.0,52.25,0.6848528577043542
