avg_test_reward,MAE_speed,RMSE_speed,jerk_mean,jerk_var,in_range_pct,Training Time,Corr Coeff
-313.69732589008527,16.15548268831335,22.794395503878036,0.016666666666666666,0.16812144697654957,2.166666666666667,30.0,-0.14971458387636732
