avg_test_reward,MAE_speed,RMSE_speed,jerk_mean,jerk_var,in_range_pct,Training Time,Corr Coeff
-525.0587810510127,5.925323264845647,7.122059613144582,-0.016219123204549154,1223.360622762372,0.75,52.33,0.0674748112268761
