avg_test_reward,MAE_speed,RMSE_speed,jerk_mean,jerk_var,in_range_pct,Training Time,Corr Coeff
-19.40838834048072,2.7396256407598654,3.5236954577911908,-0.0032291491826375324,155.63737970488137,70.33333333333334,52.09,0.6826509866341053
