avg_test_reward,MAE_speed,RMSE_speed,jerk_mean,jerk_var,in_range_pct,Training Time,Corr Coeff
-134.01586834336985,2.8948382546628513,3.792224932104081,-0.007534011205037435,509.6437358465713,0.75,52.22,0.4743563302141745
