avg_test_reward,MAE_speed,RMSE_speed,jerk_mean,jerk_var,in_range_pct,Training Time,Corr Coeff
-14.703175905233019,2.844075445185105,3.6106834467227875,-0.00030387242635091145,105.49314156827243,57.08333333333333,51.66,0.6990620915118207
