avg_test_reward,MAE_speed,RMSE_speed,jerk_mean,jerk_var,in_range_pct,Training Time,Corr Coeff
-503.71722854761873,7.160575497746073,8.455836707126881,0.0009369036182761192,0.000403809906055937,0.75,24.45,-0.10761785494766621
