avg_test_reward,MAE_speed,RMSE_speed,jerk_mean,jerk_var,in_range_pct,Training Time,Corr Coeff
-16.916651306705237,4.844634423479437,5.633833283785515,-0.007647270957628886,8.910336058332534,22.583333333333332,132.05,0.21411211442956438
