avg_test_reward,MAE_speed,RMSE_speed,jerk_mean,jerk_var,in_range_pct,Training Time,Corr Coeff
-12.486783395094568,2.626893253972133,3.4151560880832923,0.0017402986685434976,89.0724867987772,87.66666666666667,52.4,0.7009403405843562
