avg_test_reward,MAE_speed,RMSE_speed,jerk_mean,jerk_var,in_range_pct,Training Time,Corr Coeff
-188.46389750066157,9.200306953952337,11.041356127972842,0.00508470485607783,0.0973984117769257,3.3333333333333335,23.83,-0.15561503971128862
