avg_test_reward,MAE_speed,RMSE_speed,jerk_mean,jerk_var,in_range_pct,Training Time,Corr Coeff
-152.31203033574167,5.827812628283476,7.115058138974683,-0.0014470589657624563,0.3889381957909006,2.666666666666667,23.64,-0.13376457507594536
