avg_test_reward,MAE_speed,RMSE_speed,jerk_mean,jerk_var,in_range_pct,Training Time,Corr Coeff
-5.645327277664302,2.7170910730461277,3.4873744125873922,0.0002455423275629679,17.56730625066547,73.25,103.69,0.6996054852501866
