avg_test_reward,MAE_speed,RMSE_speed,jerk_mean,jerk_var,in_range_pct,Training Time,Corr Coeff
-13.131975487224786,2.5972243981063365,3.299617355903404,-0.001659168799718221,54.648749196476274,44.75,47.36,0.6701987008937932
