avg_test_reward,MAE_speed,RMSE_speed,jerk_mean,jerk_var,in_range_pct,Training Time,Corr Coeff
-105.07590883953756,3.8947392912209033,4.608163192443777,-0.012980609138806661,531.0432654612206,0.75,51.62,0.2102843505766666
