avg_test_reward,MAE_speed,RMSE_speed,jerk_mean,jerk_var,in_range_pct,Training Time,Corr Coeff
-84.51524442365134,6.328204873437062,7.708146945253604,0.0014568082988262177,0.7180353708154296,4.5,23.67,-0.15754277770022174
