avg_test_reward,MAE_speed,RMSE_speed,jerk_mean,jerk_var,in_range_pct,Training Time,Corr Coeff
-10.17718733836979,2.5785472083588443,3.3829723313109064,-0.0025937060515085855,64.0157499368934,71.66666666666667,51.53,0.6885454476885282
