avg_test_reward,MAE_speed,RMSE_speed,jerk_mean,jerk_var,in_range_pct,Training Time,Corr Coeff
-53.60932349214452,2.4328837391237417,3.1364578663929845,-0.016510706146558127,482.25516933890873,53.41666666666667,47.9,0.6970845366955081
