avg_test_reward,MAE_speed,RMSE_speed,jerk_mean,jerk_var,in_range_pct,Training Time,Corr Coeff
-7.7671326884530325,2.7049300770461557,3.535497703591387,-0.00024897952874501547,38.437772905843474,74.25,51.4,0.6885981807249955
