avg_test_reward,MAE_speed,RMSE_speed,jerk_mean,jerk_var,in_range_pct,Training Time,Corr Coeff
-82.66685453425943,2.4518184853096803,3.154779263138626,-0.01666565438111623,699.1712905267508,19.083333333333332,48.16,0.6613113639958346
