avg_test_reward,MAE_speed,RMSE_speed,jerk_mean,jerk_var,in_range_pct,Training Time,Corr Coeff
-12.879493824361555,2.7177888087928297,3.5073106562925456,-0.004838967323303222,87.8024252732244,65.33333333333333,51.26,0.6781419267059641
