avg_test_reward,MAE_speed,RMSE_speed,jerk_mean,jerk_var,in_range_pct,Training Time,Corr Coeff
-7.029583273593341,3.0995087566475075,3.876716618203701,-0.0008801999191443125,15.166179923482886,45.75,102.39,0.6821357244330477
