avg_test_reward,MAE_speed,RMSE_speed,jerk_mean,jerk_var,in_range_pct,Training Time,Corr Coeff
-468.454247149304,5.441679549254477,6.612706311719517,-0.015768221020698546,1049.7575309803628,0.75,49.04,0.07898411987981387
