avg_test_reward,MAE_speed,RMSE_speed,jerk_mean,jerk_var,in_range_pct,Training Time,Corr Coeff
-9.573298981419114,2.6693579447766145,3.4251783960563835,-0.0006840447584788005,58.69289844133471,77.25,47.36,0.6843744485761629
