avg_test_reward,MAE_speed,RMSE_speed,jerk_mean,jerk_var,in_range_pct,Training Time,Corr Coeff
-7.497622620065058,2.709285443176826,3.516649812171286,0.00020982623100280763,31.406460737250224,64.66666666666666,95.85,0.6877152952219578
