avg_test_reward,MAE_speed,RMSE_speed,jerk_mean,jerk_var,in_range_pct,Training Time,Corr Coeff
-7.299645105835925,2.5345937320093315,3.286445180512317,-0.0006867508093516032,36.45187569405498,81.41666666666667,48.02,0.6929047021273301
