avg_test_reward,MAE_speed,RMSE_speed,jerk_mean,jerk_var,in_range_pct,Training Time,Corr Coeff
-8.999795538783532,2.676385987214744,3.472771920077055,-0.002356804410616557,50.26946681045721,83.58333333333333,97.39,0.6882143750773293
