avg_test_reward,MAE_speed,RMSE_speed,jerk_mean,jerk_var,in_range_pct,Training Time,Corr Coeff
-178.76728270428464,7.31308733467944,8.593987208081739,0.0002679144653181235,0.3524820957666675,2.25,23.55,-0.1687530400376772
