avg_test_reward,MAE_speed,RMSE_speed,jerk_mean,jerk_var,in_range_pct,Training Time,Corr Coeff
-12.480216634698916,2.71928988451759,3.5721744751712023,-0.0023959259192148845,84.92636511203963,83.08333333333333,47.45,0.6963846135532472
