avg_test_reward,MAE_speed,RMSE_speed,jerk_mean,jerk_var,in_range_pct,Training Time,Corr Coeff
-9.010208080713467,2.689909671594699,3.4142751843819275,-0.0006658663352330526,43.221584535808134,63.74999999999999,48.02,0.6506647165242097
