avg_test_reward,MAE_speed,RMSE_speed,jerk_mean,jerk_var,in_range_pct,Training Time,Corr Coeff
-8.339645867538753,2.8067918923000494,3.6032586630981953,0.00013381242752075195,42.05474337384886,64.75,52.09,0.6873955505500737
