avg_test_reward,MAE_speed,RMSE_speed,jerk_mean,jerk_var,in_range_pct,Training Time,Corr Coeff
-14.583973107100158,2.611347634444634,3.355346435861042,0.00018114646275838215,106.69901421455712,72.08333333333333,52.18,0.6751244933164171
