avg_test_reward,MAE_speed,RMSE_speed,jerk_mean,jerk_var,in_range_pct,Training Time,Corr Coeff
-11.674936275427807,2.5938563422858714,3.3763440268964433,-0.0034008026123046875,80.59273012582278,82.16666666666667,52.09,0.6780187828608554
