avg_test_reward,MAE_speed,RMSE_speed,jerk_mean,jerk_var,in_range_pct,Training Time,Corr Coeff
-7.39323772086666,2.686211667507887,3.4760174868846376,-0.0014942914247512817,37.786731992622954,79.08333333333334,47.81,0.688647583653672
