avg_test_reward,MAE_speed,RMSE_speed,jerk_mean,jerk_var,in_range_pct,Training Time,Corr Coeff
-27.01403658308534,2.6202770517766476,3.415418721769945,0.005002164840698242,234.34307681762178,85.5,51.89,0.7285475398394092
