avg_test_reward,MAE_speed,RMSE_speed,jerk_mean,jerk_var,in_range_pct,Training Time,Corr Coeff
-7.185082249128791,2.731526217187444,3.5696564433274762,-0.0022132833798726398,30.028932775503442,73.33333333333333,95.85,0.6782202222340101
