avg_test_reward,MAE_speed,RMSE_speed,jerk_mean,jerk_var,in_range_pct,Training Time,Corr Coeff
-10.750648623574682,2.606111324081818,3.4138226924528694,-0.0010749012231826781,70.4545997259569,82.75,52.32,0.6984195403487234
