avg_test_reward,MAE_speed,RMSE_speed,jerk_mean,jerk_var,in_range_pct,Training Time,Corr Coeff
-11.526551296939,2.5838555815195043,3.395975266890661,-0.0036502718925476075,75.7751939516083,72.75,106.86,0.6989521955408866
