avg_test_reward,MAE_speed,RMSE_speed,jerk_mean,jerk_var,in_range_pct,Training Time,Corr Coeff
-13.551140787118493,2.5868841557204725,3.370345253083552,-0.008303545912106832,100.31966647585864,89.16666666666667,51.6,0.6846866276329723
