avg_test_reward,MAE_speed,RMSE_speed,jerk_mean,jerk_var,in_range_pct,Training Time,Corr Coeff
-11.796628409692536,2.5871423795322577,3.368422516971437,-0.003053361177444458,79.21083490341272,69.66666666666667,47.38,0.6958023750483119
