avg_test_reward,MAE_speed,RMSE_speed,jerk_mean,jerk_var,in_range_pct,Training Time,Corr Coeff
-9.283623404799364,2.668645121504863,3.477436659157247,-0.003373566269874573,55.915323559621186,81.08333333333333,51.39,0.6962427022794825
