avg_test_reward,MAE_speed,RMSE_speed,jerk_mean,jerk_var,in_range_pct,Training Time,Corr Coeff
-9.336109530563123,2.6604124928017456,3.4825151705223583,-0.002120591203371684,53.766329303310314,72.83333333333334,54.25,0.6887363000464256
