avg_test_reward,MAE_speed,RMSE_speed,jerk_mean,jerk_var,in_range_pct,Training Time,Corr Coeff
-10.710042903366173,2.4157612864673137,3.1855032121937277,-0.001275275150934855,72.05807355835883,88.58333333333334,52.68,0.7112355300996486
