avg_test_reward,MAE_speed,RMSE_speed,jerk_mean,jerk_var,in_range_pct,Training Time,Corr Coeff
-12.716016282708253,2.782626545081536,3.5961354421390044,-0.0009129563967386882,84.46558043707516,75.08333333333333,51.26,0.6786334556405522
