avg_test_reward,MAE_speed,RMSE_speed,jerk_mean,jerk_var,in_range_pct,Training Time,Corr Coeff
-6.245145103181137,2.8833634434640407,3.691294952262664,0.0012440290302038193,19.445316208392903,66.16666666666666,102.39,0.7168738751202567
