avg_test_reward,MAE_speed,RMSE_speed,jerk_mean,jerk_var,in_range_pct,Training Time,Corr Coeff
-13.326467747239212,2.8293979349235694,3.652728509039068,0.0009635587533315023,87.7719232972853,72.25,52.21,0.6820138766322503
