avg_test_reward,MAE_speed,RMSE_speed,jerk_mean,jerk_var,in_range_pct,Training Time,Corr Coeff
-7.891471958377093,2.706206133104861,3.482467666752874,0.00022129019101460774,39.95314916674697,75.0,477.04,0.724422379839366
