avg_test_reward,MAE_speed,RMSE_speed,jerk_mean,jerk_var,in_range_pct,Training Time,Corr Coeff
-6.830023174892023,2.701628614452978,3.511451952759592,-0.003186577558517456,31.483531633024377,83.16666666666667,471.67,0.6975170904775353
