avg_test_reward,MAE_speed,RMSE_speed,jerk_mean,jerk_var,in_range_pct,Training Time,Corr Coeff
-7.2092766633299865,2.75543571036309,3.526346353349424,-8.625884850819906e-05,32.62451856702268,66.83333333333333,478.03,0.6993642380976314
