avg_test_reward,MAE_speed,RMSE_speed,jerk_mean,jerk_var,in_range_pct,Training Time,Corr Coeff
-12.8605050626349,2.7254590930044653,3.569265359704776,0.0006118714809417725,85.95377682265371,70.66666666666667,51.71,0.7131919305410078
