avg_test_reward,MAE_speed,RMSE_speed,jerk_mean,jerk_var,in_range_pct,Training Time,Corr Coeff
-10.248563748947403,2.6918073827028275,3.462804654618241,-0.0037963271141052248,64.83981470389105,73.66666666666667,99.04,0.66727792881038
