avg_test_reward,MAE_speed,RMSE_speed,jerk_mean,jerk_var,in_range_pct,Training Time,Corr Coeff
-180.5995154527379,7.831599945351481,9.641156844382829,0.006163286169370016,0.7013758300017583,3.75,30.72,-0.2080822363837402
