avg_test_reward,MAE_speed,RMSE_speed,jerk_mean,jerk_var,in_range_pct,Training Time,Corr Coeff
-83.70550687479594,2.4379099433124067,3.152392147813759,-0.01047671635945638,798.2792516845523,78.0,47.09,0.69855554372233
