avg_test_reward,MAE_speed,RMSE_speed,jerk_mean,jerk_var,in_range_pct,Training Time,Corr Coeff
-7.436103909775129,2.840172827082376,3.6376982402198474,0.007986160119374593,34.66665592148347,72.33333333333334,491.32,0.703210436898482
