avg_test_reward,MAE_speed,RMSE_speed,jerk_mean,jerk_var,in_range_pct,Training Time,Corr Coeff
-1127.0197555839159,45.98905219382762,63.477119645819656,0.016666666666666666,0.003921567194776531,4.75,30.57,-0.09990113011752708
