avg_test_reward,MAE_speed,RMSE_speed,jerk_mean,jerk_var,in_range_pct,Training Time,Corr Coeff
-22.091652259088995,2.991624268144369,3.772642903339172,-0.004809157053629557,171.90936130727331,46.916666666666664,52.1,0.6712406369118621
