avg_test_reward,MAE_speed,RMSE_speed,jerk_mean,jerk_var,in_range_pct,Training Time,Corr Coeff
-8.209703547170358,2.7880026731391747,3.627666084802443,0.001265639066696167,37.27140737651433,69.16666666666667,92.88,0.6867834763413088
