avg_test_reward,MAE_speed,RMSE_speed,jerk_mean,jerk_var,in_range_pct,Training Time,Corr Coeff
-333.37091156717037,16.381653710929676,22.624255047432086,0.016666666666666666,0.11457854394246801,2.25,23.7,-0.15246597672127807
