avg_test_reward,MAE_speed,RMSE_speed,jerk_mean,jerk_var,in_range_pct,Training Time,Corr Coeff
-621.731567226857,10.138796634487807,10.969282387694465,-0.006037100156148275,0.00035053731502567763,0.75,103.79,nan
