avg_test_reward,MAE_speed,RMSE_speed,jerk_mean,jerk_var,in_range_pct,Training Time,Corr Coeff
-20.966055801897006,2.811188707003991,3.5080397863050945,-0.005070666472117106,84.89552013628668,33.166666666666664,47.52,0.5881255843351743
