avg_test_reward,MAE_speed,RMSE_speed,jerk_mean,jerk_var,in_range_pct,Training Time,Corr Coeff
-63.83289118045211,2.512023333758116,3.218482138421839,-0.016647772987683614,557.5823582667659,43.166666666666664,48.14,0.6594832841615905
