avg_test_reward,MAE_speed,RMSE_speed,jerk_mean,jerk_var,in_range_pct,Training Time,Corr Coeff
-10.321757984803195,2.4663636974990366,3.2158758199134025,0.0001923839251200358,67.57685655521955,88.25,52.17,0.7059484427250169
