avg_test_reward,MAE_speed,RMSE_speed,jerk_mean,jerk_var,in_range_pct,Training Time,Corr Coeff
-10.269113145305337,2.674219567626715,3.488852393513586,-0.003941855827967326,63.27368250723253,70.16666666666667,47.51,0.6794851214041492
