avg_test_reward,MAE_speed,RMSE_speed,jerk_mean,jerk_var,in_range_pct,Training Time,Corr Coeff
-14.054453202705247,2.9495528306191168,3.8128468170716934,-0.005042367180188497,89.20360194356067,68.66666666666667,94.04,0.6617667882423004
