avg_test_reward,MAE_speed,RMSE_speed,jerk_mean,jerk_var,in_range_pct,Training Time,Corr Coeff
-8.886108022434835,2.657495001802842,3.47549171338396,-0.0009093691905339558,50.20604200278393,68.5,52.21,0.6907913692193912
