avg_test_reward,MAE_speed,RMSE_speed,jerk_mean,jerk_var,in_range_pct,Training Time,Corr Coeff
-64.69761637242416,2.428196975439787,3.1470370691013985,-0.016666266322135925,604.8814418595185,65.16666666666666,51.87,0.6894712907318531
