avg_test_reward,MAE_speed,RMSE_speed,jerk_mean,jerk_var,in_range_pct,Training Time,Corr Coeff
-175.12551543641555,9.18399789393569,11.408540038841018,0.008724881211916606,0.13876336279273643,2.25,30.66,-0.15166805849145787
