avg_test_reward,MAE_speed,RMSE_speed,jerk_mean,jerk_var,in_range_pct,Training Time,Corr Coeff
-8.734435689603599,2.567084731832147,3.342659491425244,-0.0017113834619522095,51.46145435701002,88.75,96.54,0.696328710240413
