avg_test_reward,MAE_speed,RMSE_speed,jerk_mean,jerk_var,in_range_pct,Training Time,Corr Coeff
-11.38856245550208,2.665435970276594,3.463573068725509,0.0016476372877756754,74.06677007610335,68.5,51.74,0.7005927825732533
