avg_test_reward,MAE_speed,RMSE_speed,jerk_mean,jerk_var,in_range_pct,Training Time,Corr Coeff
-6.195639135177328,2.816151470790307,3.5914953808570003,-2.887183800339699e-05,21.158435710268332,60.16666666666667,104.0,0.6969164168727139
