avg_test_reward,MAE_speed,RMSE_speed,jerk_mean,jerk_var,in_range_pct,Training Time,Corr Coeff
-7.271516420559266,2.846247596790393,3.6204520331802614,0.0003812571366628011,30.857059106651285,52.916666666666664,51.63,0.6343070844169202
