avg_test_reward,MAE_speed,RMSE_speed,jerk_mean,jerk_var,in_range_pct,Training Time,Corr Coeff
-338.91619770437256,3.8818432513996957,4.787919835869606,-0.01666023333867391,1186.1121348948188,0.75,48.75,0.38302441549557337
