avg_test_reward,MAE_speed,RMSE_speed,jerk_mean,jerk_var,in_range_pct,Training Time,Corr Coeff
-8.362605553565515,2.6110263574620087,3.400278785308408,-0.000937118132909139,47.44344883141637,78.0,52.12,0.6863556126464917
