avg_test_reward,MAE_speed,RMSE_speed,jerk_mean,jerk_var,in_range_pct,Training Time,Corr Coeff
-43.3023503122996,2.837855735272169,3.514777696326635,-0.002371335029602051,190.30223256490623,0.75,50.95,0.5669829326786092
