avg_test_reward,MAE_speed,RMSE_speed,jerk_mean,jerk_var,in_range_pct,Training Time,Corr Coeff
-59.63566507345779,2.6261129097640517,3.33973847737984,-0.0165906955798467,537.7269122202285,55.00000000000001,51.35,0.668607078838901
