avg_test_reward,MAE_speed,RMSE_speed,jerk_mean,jerk_var,in_range_pct,Training Time,Corr Coeff
-245.16587699533372,3.68864483738939,4.438278612819559,-0.01666663189729055,1274.842194434678,0.75,48.43,0.15651073791775294
