avg_test_reward,MAE_speed,RMSE_speed,jerk_mean,jerk_var,in_range_pct,Training Time,Corr Coeff
-25.683422577361817,2.594389642526706,3.391130058327999,0.00042163928349812826,220.00733524048164,74.0,51.6,0.6993766299184986
