avg_test_reward,MAE_speed,RMSE_speed,jerk_mean,jerk_var,in_range_pct,Training Time,Corr Coeff
-223.37311806504468,4.331051549588641,5.150717514011762,-0.01659984588623047,694.040522638842,0.75,47.85,-0.14199632545684043
