avg_test_reward,MAE_speed,RMSE_speed,jerk_mean,jerk_var,in_range_pct,Training Time,Corr Coeff
-22.10825759769292,2.5192094572881856,3.267697355260767,-0.004709192117055257,185.1435212352107,88.25,51.51,0.6918756946674858
