avg_test_reward,MAE_speed,RMSE_speed,jerk_mean,jerk_var,in_range_pct,Training Time,Corr Coeff
-264.86353380278126,3.452296290161709,4.270558223770223,-0.003957367936770121,846.1379525048633,0.75,47.69,0.6756093010257183
