avg_test_reward,MAE_speed,RMSE_speed,jerk_mean,jerk_var,in_range_pct,Training Time,Corr Coeff
-7.559978705407461,2.634147455741962,3.380751232093969,0.0009092052777608235,27.731309483357304,62.25000000000001,47.5,0.6940545786554445
