avg_test_reward,MAE_speed,RMSE_speed,jerk_mean,jerk_var,in_range_pct,Training Time,Corr Coeff
-19.765073695027567,2.4501541936894258,3.156612973610553,0.007946552832921346,155.59761097454557,74.0,51.94,0.7163603202691705
