avg_test_reward,MAE_speed,RMSE_speed,jerk_mean,jerk_var,in_range_pct,Training Time,Corr Coeff
-8.930114813430139,2.7544124798476695,3.537204465156352,-0.0017093479633331298,48.18999477933704,66.33333333333333,53.38,0.6591024158888142
