avg_test_reward,MAE_speed,RMSE_speed,jerk_mean,jerk_var,in_range_pct,Training Time,Corr Coeff
-15.13841788630294,2.8157920102775096,3.510899669679122,-0.0011859317620595297,14.836733470978091,29.333333333333332,48.77,0.5916961331778584
