avg_test_reward,MAE_speed,RMSE_speed,jerk_mean,jerk_var,in_range_pct,Training Time,Corr Coeff
-27.387935572885986,3.016582014411688,3.781948230065706,-0.0030223031838734946,223.54071860926362,44.916666666666664,51.95,0.6627157358968295
