avg_test_reward,MAE_speed,RMSE_speed,jerk_mean,jerk_var,in_range_pct,Training Time,Corr Coeff
-7.02487832517388,2.8736689504484336,3.6755121764491983,-0.0007030953963597616,27.409672223351862,53.0,52.3,0.6639021991543661
