avg_test_reward,MAE_speed,RMSE_speed,jerk_mean,jerk_var,in_range_pct,Training Time,Corr Coeff
-13.858097796982005,3.050416783976058,3.962164538975124,0.002500571807225545,69.54685837524671,52.5,95.51,0.6859725222955952
