avg_test_reward,MAE_speed,RMSE_speed,jerk_mean,jerk_var,in_range_pct,Training Time,Corr Coeff
-443.51307101295293,5.158153374530375,6.4508212390916295,-0.016616258025169372,1440.678288968073,0.75,47.72,-0.2339880875387427
