avg_test_reward,MAE_speed,RMSE_speed,jerk_mean,jerk_var,in_range_pct,Training Time,Corr Coeff
-8.004248252097492,2.551732227653265,3.3663633501945567,0.0004154860973358154,44.31553543249205,85.08333333333333,47.02,0.702700352426728
