avg_test_reward,MAE_speed,RMSE_speed,jerk_mean,jerk_var,in_range_pct,Training Time,Corr Coeff
-204.6197484901213,2.6055220739543437,3.347789702999012,-0.016666664679845174,793.0259139355186,0.75,47.99,0.7126688291232841
