avg_test_reward,MAE_speed,RMSE_speed,jerk_mean,jerk_var,in_range_pct,Training Time,Corr Coeff
-154.17877674028068,3.2183972591658434,4.031699035612346,-0.016625221570332846,833.6611975887793,0.75,52.05,0.36795966792058693
