avg_test_reward,MAE_speed,RMSE_speed,jerk_mean,jerk_var,in_range_pct,Training Time,Corr Coeff
-26.169274586201855,2.8389269181589287,3.621195005866453,-0.0004542291164398193,217.61330429259218,60.083333333333336,47.91,0.6919605668188671
