avg_test_reward,MAE_speed,RMSE_speed,jerk_mean,jerk_var,in_range_pct,Training Time,Corr Coeff
-22.91104871556152,2.857476633836826,3.583254637166175,-0.000636895497639974,178.30802748884017,61.583333333333336,51.64,0.6290402490251422
