avg_test_reward,MAE_speed,RMSE_speed,jerk_mean,jerk_var,in_range_pct,Training Time,Corr Coeff
-8.54728904275529,2.5519265715777872,3.3433609720160873,0.001548856496810913,48.56431515700041,73.83333333333333,47.45,0.7100721437124249
