avg_test_reward,MAE_speed,RMSE_speed,jerk_mean,jerk_var,in_range_pct,Training Time,Corr Coeff
-16.32210236767288,2.4996574446062247,3.265318734333435,-0.007191725571950277,127.39812035904188,84.41666666666666,51.86,0.6972771414240082
