avg_test_reward,MAE_speed,RMSE_speed,jerk_mean,jerk_var,in_range_pct,Training Time,Corr Coeff
-94.78876447903262,3.246145502155026,4.036167737227114,-0.009238610665003458,367.8569992787039,0.75,51.64,0.37834237297915924
