avg_test_reward,MAE_speed,RMSE_speed,jerk_mean,jerk_var,in_range_pct,Training Time,Corr Coeff
-9.080745537395465,2.6055791958669823,3.362578856217358,0.00016440550486246746,54.50164676146236,84.16666666666667,51.62,0.6881637172927981
