avg_test_reward,MAE_speed,RMSE_speed,jerk_mean,jerk_var,in_range_pct,Training Time,Corr Coeff
-7.313499183009389,2.735824637065331,3.512538038051493,-0.0018431762854258218,32.344814383385966,68.0,52.15,0.6672588248730552
