avg_test_reward,MAE_speed,RMSE_speed,jerk_mean,jerk_var,in_range_pct,Training Time,Corr Coeff
-6.564484661207185,2.753959045124551,3.5231898385862066,-0.0028113325436909995,26.097009453911035,68.41666666666667,97.74,0.6747879765716257
