avg_test_reward,MAE_speed,RMSE_speed,jerk_mean,jerk_var,in_range_pct,Training Time,Corr Coeff
-20.440486055741264,2.3927074246108533,3.1244042046770666,-0.0017156402269999187,165.13637617329687,86.5,51.26,0.6969646460665643
