avg_test_reward,MAE_speed,RMSE_speed,jerk_mean,jerk_var,in_range_pct,Training Time,Corr Coeff
-11.963456561063568,3.9851442041123906,4.745352697572235,-0.005585630734761556,14.153031779609215,27.833333333333332,132.31,0.5552597183844313
