avg_test_reward,MAE_speed,RMSE_speed,jerk_mean,jerk_var,in_range_pct,Training Time,Corr Coeff
-7.54595357006875,2.6310499020914238,3.375929542165859,-0.0019018441438674928,24.803832545214423,59.166666666666664,48.11,0.6751109872093156
