avg_test_reward,MAE_speed,RMSE_speed,jerk_mean,jerk_var,in_range_pct,Training Time,Corr Coeff
-11.137328255520343,2.7739438361426196,3.5411004219525934,0.005756592750549317,69.54745486165646,70.83333333333334,51.56,0.7334032357627224
