avg_test_reward,MAE_speed,RMSE_speed,jerk_mean,jerk_var,in_range_pct,Training Time,Corr Coeff
-45.324489675580175,2.318533509224653,3.050863912886103,-0.01417271892229716,394.7713792604616,42.333333333333336,51.91,0.7242936532636226
