avg_test_reward,MAE_speed,RMSE_speed,jerk_mean,jerk_var,in_range_pct,Training Time,Corr Coeff
-614.4707094541619,6.730046660937369,8.024012907987842,-0.016616217295328774,1514.2787430696935,0.75,51.55,-0.12403556350692854
