avg_test_reward,MAE_speed,RMSE_speed,jerk_mean,jerk_var,in_range_pct,Training Time,Corr Coeff
-20.000775202556103,3.206889076679945,3.978183102320459,-0.003617424766222636,135.93488710671184,56.833333333333336,51.44,0.6433411218909888
