avg_test_reward,MAE_speed,RMSE_speed,jerk_mean,jerk_var,in_range_pct,Training Time,Corr Coeff
-22.48803618655228,2.715090588380893,3.4364204182796425,-0.002932626008987427,173.3709097948369,63.583333333333336,51.73,0.6645095012118994
