avg_test_reward,MAE_speed,RMSE_speed,jerk_mean,jerk_var,in_range_pct,Training Time,Corr Coeff
-8.652763341935616,2.4909735664228596,3.186777767223937,-0.002594496806462606,43.109787266421016,76.66666666666667,51.8,0.6832311361502771
