avg_test_reward,MAE_speed,RMSE_speed,jerk_mean,jerk_var,in_range_pct,Training Time,Corr Coeff
-19.196877799264026,3.007568896661202,3.6938403660048413,-0.003442731499671936,19.01399218316052,21.5,48.84,0.5228868239514322
