avg_test_reward,MAE_speed,RMSE_speed,jerk_mean,jerk_var,in_range_pct,Training Time,Corr Coeff
-7.122523506022364,2.6487090431153772,3.4465445489840314,-0.000269395112991333,33.51787035660378,71.25,52.32,0.6860007205165303
