avg_test_reward,MAE_speed,RMSE_speed,jerk_mean,jerk_var,in_range_pct,Training Time,Corr Coeff
-9.596093675273005,2.7319529080887635,3.5077350889937438,-0.002430245280265808,57.513805038348934,72.25,52.05,0.6565392385383586
