avg_test_reward,MAE_speed,RMSE_speed,jerk_mean,jerk_var,in_range_pct,Training Time,Corr Coeff
-8.383319472088514,2.836883730838696,3.6137539027198775,-0.0014254222313563028,32.85365032190909,58.333333333333336,476.14,0.6866947218093499
