avg_test_reward,MAE_speed,RMSE_speed,jerk_mean,jerk_var,in_range_pct,Training Time,Corr Coeff
-14.686182204980426,3.012672227670749,3.8189212226089233,0.004722301165262858,95.76823620636537,55.666666666666664,51.67,0.6372873536170774
