avg_test_reward,MAE_speed,RMSE_speed,jerk_mean,jerk_var,in_range_pct,Training Time,Corr Coeff
-7.935692237548233,2.75035790750136,3.529594229722612,-0.0015738268693288168,41.4465670807953,70.41666666666667,479.19,0.6866871269525011
