avg_test_reward,MAE_speed,RMSE_speed,jerk_mean,jerk_var,in_range_pct,Training Time,Corr Coeff
-190.08824522670852,9.700153144054736,11.88139756772078,0.00722378691037496,0.12821697875745017,4.666666666666667,30.07,-0.15090353110369067
