avg_test_reward,MAE_speed,RMSE_speed,jerk_mean,jerk_var,in_range_pct,Training Time,Corr Coeff
-8.7053082543973,2.7502516949673494,3.602025440872804,-0.0019920955101648966,41.46495513693192,65.75,98.66,0.6849080006287361
