avg_test_reward,MAE_speed,RMSE_speed,jerk_mean,jerk_var,in_range_pct,Training Time,Corr Coeff
-8.37867791349715,2.666490072061618,3.4583237676561236,-0.001725285251935323,47.74049521443338,81.33333333333333,51.68,0.6818143265153398
